{
  "ANET": 95.7699966430664,
  "AVGO": 256.07000732421875,
  "ASML": 786.2100219726562,
  "CEG": 300.3800048828125,
  "CRWD": 481.7300109863281,
  "NVDA": 145.0,
  "PLTR": 135.19000244140625,
  "TSLA": 319.1099853515625,
  "TSM": 215.42999267578125,
  "VRT": 114.5,
  "SPY": 603.75,
  "QQQ": 533.6599731445312,
  "TQQQ": 75.69000244140625
}