{
  "ANET": 95.7699966430664,
  "ASML": 786.2100219726562,
  "AVGO": 256.07000732421875,
  "CEG": 300.3800048828125,
  "CRWD": 481.7300109863281,
  "NVDA": 145.0,
  "PLTR": 135.19000244140625,
  "QQQ": 533.6599731445312,
  "SPY": 603.75,
  "TMS": NaN,
  "TQQQ": 75.69000244140625,
  "TSLA": 319.1099853515625,
  "VRT": 114.5
}